date,caption,hashtags,likes,comments,shares
2026-01-03,"New year, new you! Start 2026 with our best-selling moisturizer, now 20% off for the first 48 hours only. Link in bio.",#NewYear #SkincareGoals #LimitedOffer,842,37,19
2026-01-10,"Dry winter skin? Our Hydra-Boost serum locks in moisture for 24 hours. Tap to shop before it sells out again.",#Skincare #WinterSkin #HydraBoost,615,22,11
2026-01-17,"We just restocked. That's it. That's the post.",#Restock,203,8,2
2026-01-24,"Meet Elena, our head formulator, who spent 3 years perfecting this exact ratio of niacinamide to hyaluronic acid. Swipe to see her process.",#MeetTheMaker #Skincare #Formulation,1204,96,54
2026-01-31,"IMPORTANT ANNOUNCEMENT REGARDING OUR SHIPPING POLICY EFFECTIVE FEBRUARY 1ST PLEASE READ CAREFULLY",#Shipping #PolicyUpdate,97,14,1
2026-02-07,"Valentine's gifting made easy: our top 3 picks for the skincare lover in your life, starting at $24.",#ValentinesDay #GiftGuide #Skincare,733,29,22
2026-02-14,"Tag someone who deserves healthier skin this Valentine's Day. We'll pick one winner for a free full-size set.",#Valentines #Giveaway #Skincare,1890,312,201
2026-02-21,"Our packaging supplier changed, so bottles may look slightly different for the next few months. Thanks for your patience.",#PackagingUpdate,156,19,3
2026-02-28,"5 signs your skin barrier is damaged (and what to do about it). A thread.",#SkinBarrier #SkincareTips #Education,967,61,88
2026-03-07,"Monday reminder: SPF is not optional, even in winter, even indoors, even today.",#SPF #SkincareReminder #SunProtection,1102,74,65
2026-03-14,"We've been quietly working on something for 8 months. It launches next week. Guesses in the comments?",#ComingSoon #Tease,1456,203,41
2026-03-21,"PLEASE NOTE: our customer service line will have reduced hours this week due to a system migration.",#CustomerService #Notice,88,11,0
2026-03-28,"The wait is over. Introducing Barrier Repair Cream, 2 years in the making, built for the most reactive skin types.",#NewLaunch #BarrierRepair #Skincare,2310,418,312
2026-04-04,"Behind the scenes of our photoshoot yesterday. Chaos, coffee, and a lot of laughing.",#BTS #TeamLife,578,33,14
2026-04-11,"Our shipping times may be delayed due to the holiday weekend. We appreciate your understanding.",#Shipping #HolidayNotice,74,6,1
